{
    "version": "0.2.0",
    "configurations": [
        {
            "name": "Trend Strategy - Basic",
            "type": "python",
            "request": "launch",
            "program": "${workspaceFolder}/quant_sim.py",
            "args": [
                "--csv", "data.csv",
                "--strategy", "trend"
            ],
            "console": "integratedTerminal",
            "justMyCode": false
        },
        {
            "name": "Trend Strategy - Custom Params",
            "type": "python",
            "request": "launch",
            "program": "${workspaceFolder}/quant_sim.py",
            "args": [
                "--csv", "data.csv",
                "--strategy", "trend",
                "--fast", "10",
                "--slow", "30",
                "--atr-stop", "2.5"
            ],
            "console": "integratedTerminal",
            "justMyCode": false
        },
        {
            "name": "Mean Reversion Strategy",
            "type": "python",
            "request": "launch",
            "program": "${workspaceFolder}/quant_sim.py",
            "args": [
                "--csv", "data.csv",
                "--strategy", "meanrev",
                "--buy-below", "30",
                "--sell-above", "70"
            ],
            "console": "integratedTerminal",
            "justMyCode": false
        },
        {
            "name": "Optimize - Grid Search",
            "type": "python",
            "request": "launch",
            "program": "${workspaceFolder}/quant_sim.py",
            "args": [
                "--csv", "data.csv",
                "--strategy", "trend",
                "--opt", "grid"
            ],
            "console": "integratedTerminal",
            "justMyCode": false
        },
        {
            "name": "Optimize - Genetic Algorithm",
            "type": "python",
            "request": "launch",
            "program": "${workspaceFolder}/quant_sim.py",
            "args": [
                "--csv", "data.csv",
                "--strategy", "trend",
                "--opt", "ga"
            ],
            "console": "integratedTerminal",
            "justMyCode": false
        },
        {
            "name": "Trend Strategy with Plot",
            "type": "python",
            "request": "launch",
            "program": "${workspaceFolder}/quant_sim.py",
            "args": [
                "--csv", "data.csv",
                "--strategy", "trend",
                "--plot"
            ],
            "console": "integratedTerminal",
            "justMyCode": false
        },
        {
            "name": "Current File",
            "type": "python",
            "request": "launch",
            "program": "${file}",
            "console": "integratedTerminal",
            "justMyCode": true
        }
    ]
}
